internal_venue_id,venue_name,address,postal_code,osm_type,osm_id,lat,lon,polygon_osm_id,polygon_type,polygon_source,wikidata_id,venue_proximity,building_dedication,match_method,community_arts,dance,literary,music,theatre,visual_media_arts ,arts_programming,geometry_wkt
480402,Chinese Cultural Centre of Greater Toronto,5183 Sheppard Avenue East,M1B 5Z5,way,660356849,43.7944585,-79.2340598,660356849,yes,venue_way,,inside,dedicated,name+address,low,mid,rare,high,rare,none,very_high,POLYGON((-79.234204 43.794262 -79.23422 43.7943 -79.23424 43.794356 -79.234246 43.794354 -79.234313 43.794512 -79.234316 43.794527 -79.234333 43.794565 -79.234276 43.794578 -79.234275 43.794575 -79.23426 43.794579 -79.234261 43.794583 -79.233982 43.794644 -79.233981 43.794639 -79.233967 43.794642 -79.233968 43.794646 -79.23392 43.794656 -79.233913 43.794658 -79.233906 43.794641 -79.233897 43.794619 -79.233903 43.794617 -79.233898 43.794605 -79.233891 43.794607 -79.233807 43.794405 -79.233812 43.794403 -79.233807 43.794391 -79.233801 43.794392 -79.233793 43.794373 -79.233785 43.794354 -79.233839 43.794342 -79.233855 43.79438 -79.233853 43.794381 -79.233857 43.794391 -79.233895 43.794382 -79.233875 43.794334 -79.234149 43.794274 -79.234204 43.794262))
545884,Daniels Spectrum,585 Dundas Street East,M5A 2B7,node,2898358868,43.6601096,-79.3619394,229563439,yes,enclosing_building,Q131621801,inside,dedicated,name+address,very_high,very_high,mid,very_high,very_high,very_high,very_high,POLYGON((-79.3628039 43.6600159 -79.3622006 43.6601515 -79.3619077 43.6602173 -79.3618052 43.6599785 -79.361757 43.6599894 -79.3617392 43.6599479 -79.3617964 43.659935 -79.3617315 43.6597837 -79.3617208 43.6597538 -79.362608 43.6595545 -79.3626364 43.659634 -79.3627907 43.6599771 -79.3628039 43.6600159))
480436,Four Seasons Centre for the Performing Arts,145 Queen Street West,M5H 4G1,way,6694663,43.6505983,-79.385527,6694663,yes,venue_way,Q2614377,inside,dedicated,name+address,none,high,none,very_high,rare,none,very_high,POLYGON((-79.3859853 43.6502577 -79.3858418 43.6502881 -79.3857509 43.6503071 -79.3850731 43.6504517 -79.384887 43.6504897 -79.3849939 43.6507538 -79.3848585 43.6507832 -79.384976 43.6510718 -79.3855505 43.6509501 -79.3855562 43.6509664 -79.3860732 43.6508568 -79.3860543 43.650809 -79.3860362 43.6507643 -79.3860251 43.6507369 -79.3861002 43.650721 -79.3861671 43.6507068 -79.3859853 43.6502577))
480480,Massey Hall,178 Victoria Street,M5B 1T6,way,62004062,43.6539666,-79.3789815,62004062,yes,venue_way,Q1122776,inside,dedicated,name+address,low,rare,none,very_high,rare,rare,very_high,POLYGON((-79.3788468 43.6542152 -79.3786821 43.6538086 -79.3791156 43.6537167 -79.3792808 43.6541246 -79.3791773 43.6541466 -79.3791807 43.6541549 -79.3790679 43.6541788 -79.3789544 43.6542029 -79.3789505 43.6541933 -79.3788468 43.6542152))
638721,Museum of Contemporary Art Toronto Canada (MOCA),158 Sterling Road,M6R 2B2,way,490218078,43.6546142,-79.4452026,490218078,yes,venue_way,,inside,dedicated,address_only,rare,rare,rare,rare,rare,mid,high,POLYGON((-79.4454033 43.6548039 -79.4451607 43.6548512 -79.4451092 43.6547128 -79.4450859 43.6546512 -79.4450592 43.6545772 -79.4450566 43.6545702 -79.4450534 43.654562 -79.4450177 43.6544677 -79.4450154 43.6544609 -79.4450113 43.6544491 -79.4450007 43.6544215 -79.4452434 43.6543741 -79.4454033 43.6548039))
480522,Roy Thomson Hall,60 Simcoe Street,M5J 2H5,way,141694015,43.6465586,-79.386339,141694015,yes,venue_way,Q1315374,inside,dedicated,name+address,low,mid,none,very_high,rare,none,very_high,POLYGON((-79.3866767 43.6462131 -79.3864791 43.6462574 -79.3862486 43.646309 -79.3857906 43.6464116 -79.3859163 43.6467055 -79.3860613 43.6470442 -79.386082 43.6470396 -79.3868785 43.6468612 -79.3869474 43.6468457 -79.3866767 43.6462131))
480525,Royal Ontario Museum,100 Queens Park,M5S 2C6,way,4942687,43.6676565,-79.3946988,4942687,yes,venue_way,Q649250,inside,dedicated,name_only,mid,low,low,mid,low,low,very_high,POLYGON((-79.3954694 43.6679819 -79.3953195 43.6680136 -79.39551 43.6681725 -79.3953784 43.6682124 -79.3952245 43.6682277 -79.395155 43.6682346 -79.3951084 43.6682392 -79.3950754 43.6682706 -79.3949694 43.6683712 -79.3949174 43.668331 -79.3948598 43.6683994 -79.3947909 43.6684813 -79.3945558 43.6684609 -79.3945473 43.668383 -79.3944472 43.6684051 -79.3943839 43.6684191 -79.3943784 43.6684057 -79.3941701 43.6679057 -79.3941669 43.6678981 -79.394165 43.6678936 -79.3941163 43.6679045 -79.3940873 43.6679107 -79.3940733 43.6679137 -79.3940244 43.6679256 -79.3939555 43.6677588 -79.3940058 43.6677493 -79.3940166 43.6677468 -79.3940489 43.6677387 -79.3940968 43.6677276 -79.3940958 43.6677248 -79.3938698 43.6672065 -79.393934 43.6671921 -79.394037 43.667169 -79.3940548 43.667165 -79.3941133 43.6671519 -79.3941568 43.6671421 -79.3941917 43.6671345 -79.3943065 43.6671087 -79.3947224 43.6670132 -79.3947454 43.6670657 -79.3948113 43.6670522 -79.3947912 43.6670032 -79.395113 43.6669312 -79.3951687 43.667072 -79.3950995 43.6670862 -79.3951665 43.6672489 -79.3952014 43.6672534 -79.3952147 43.6672888 -79.3951905 43.6673083 -79.3952617 43.6674768 -79.3953321 43.6674748 -79.395314 43.6675335 -79.3953267 43.6675694 -79.3953032 43.6675882 -79.3953947 43.6678077 -79.39543 43.6678138 -79.3954433 43.6678492 -79.3954225 43.667868 -79.3954694 43.6679819))
649212,meridian arts centre,5040 Yonge Street,M2N 6R8,way,25033703,43.7660167,-79.4144524,25033703,public,venue_way,Q14875453,inside,dedicated,name+address,very_high,very_high,rare,very_high,high,low,very_high,POLYGON((-79.4150782 43.7662114 -79.415073 43.7661985 -79.4150683 43.7661855 -79.4150485 43.7661343 -79.4150445 43.7661233 -79.4150398 43.7661107 -79.4150197 43.7660636 -79.4150297 43.7660612 -79.4149917 43.7659722 -79.4150122 43.7659668 -79.4148938 43.7656848 -79.4147937 43.7657073 -79.414658 43.7657376 -79.4145837 43.7655649 -79.4139346 43.7657092 -79.4139917 43.7658462 -79.4138369 43.7658814 -79.4139477 43.7661436 -79.413758 43.7661893 -79.4137277 43.7661966 -79.413756 43.7662049 -79.4137831 43.7662136 -79.4138494 43.7662364 -79.4138739 43.7662461 -79.4138966 43.7662566 -79.4139177 43.7662681 -79.4139385 43.7662802 -79.4139736 43.7663083 -79.4140071 43.7663414 -79.4140013 43.7663883 -79.414009 43.7664341 -79.4140288 43.766475 -79.4140596 43.766512 -79.4140962 43.7665418 -79.4141414 43.7665336 -79.4141897 43.76652 -79.4142281 43.7665005 -79.4143948 43.7664606 -79.414376 43.7664203 -79.414385 43.7664169 -79.4144007 43.7664224 -79.4144163 43.7664261 -79.4144318 43.7664291 -79.4144477 43.7664313 -79.4144641 43.7664328 -79.4144805 43.7664338 -79.4144973 43.7664336 -79.4145138 43.766433 -79.4145307 43.7664312 -79.4145472 43.7664289 -79.4145636 43.7664254 -79.4145798 43.7664211 -79.4145955 43.7664161 -79.4146108 43.7664106 -79.4146252 43.7664039 -79.414639 43.7663967 -79.414649 43.7663908 -79.4146595 43.7663839 -79.4146689 43.7663768 -79.4146775 43.7663697 -79.414688 43.7663595 -79.4146976 43.7663493 -79.4148435 43.7663429 -79.4148465 43.7663539 -79.4151093 43.7662955 -79.4150782 43.7662114))
480570,Toronto Reference Library,789 Yonge Street,M4W 2G8,way,28156063,43.6718771,-79.3866663,28156063,yes,venue_way,Q7826494,inside,dedicated,name+address,mid,rare,high,high,mid,high,very_high,POLYGON((-79.3862075 43.6723149 -79.3859379 43.6716568 -79.3869721 43.671445 -79.3870051 43.6714352 -79.3871073 43.6714068 -79.387141 43.6714708 -79.3871126 43.6714772 -79.3871219 43.6715016 -79.3871303 43.6715205 -79.3871603 43.6715148 -79.3873921 43.6720974 -79.3873429 43.6721074 -79.3873253 43.672111 -79.3872907 43.6721517 -79.3872237 43.6721782 -79.3871438 43.6721814 -79.3870811 43.6721657 -79.3869796 43.6721892 -79.3869234 43.6721642 -79.3864768 43.6722582 -79.3862075 43.6723149))
483419,Art Gallery of Ontario,317 Dundas Street West,M5T 1G4,way,141693334,43.6536128,-79.39278,141693334,yes,venue_way,Q670250,inside,dedicated,name+address,high,high,low,mid,low,very_high,very_high,POLYGON((-79.39262 43.6531501 -79.3926537 43.6531432 -79.3926789 43.6531381 -79.3927468 43.6531243 -79.3928325 43.6531065 -79.3928075 43.6530443 -79.3929215 43.653021 -79.3929279 43.6530359 -79.3932882 43.652961 -79.3933751 43.6531797 -79.3933232 43.6531905 -79.3933297 43.653207 -79.3933036 43.6532125 -79.3933186 43.6532501 -79.3933452 43.6532446 -79.3934139 43.6534175 -79.3933716 43.6534263 -79.3933865 43.6534638 -79.3934792 43.6534446 -79.3935808 43.6537004 -79.3934743 43.6537278 -79.3934901 43.6537671 -79.3934981 43.6537876 -79.3935444 43.6537655 -79.3935927 43.6537352 -79.3936303 43.6537061 -79.3936321 43.6537077 -79.3935954 43.6537359 -79.3935458 43.653767 -79.3934991 43.6537904 -79.3935035 43.6538017 -79.3933791 43.6538359 -79.3931591 43.6538911 -79.3928425 43.6539655 -79.3924676 43.6540432 -79.392155 43.6541039 -79.3919519 43.6541405 -79.3919485 43.6541309 -79.3919213 43.6541231 -79.3918768 43.6541173 -79.3918241 43.6541146 -79.3917668 43.6541168 -79.3917128 43.6541153 -79.3916558 43.6541094 -79.3915863 43.6540994 -79.3915245 43.6540849 -79.3915257 43.6540826 -79.3915873 43.6540973 -79.3915644 43.6540395 -79.3916081 43.6540304 -79.3916099 43.654035 -79.3916228 43.6540323 -79.3915901 43.6539501 -79.3914372 43.6539819 -79.3914158 43.6539278 -79.3917383 43.6538608 -79.3917249 43.6538272 -79.3919705 43.6537761 -79.3920881 43.6537516 -79.3920839 43.653741 -79.3920664 43.6537446 -79.3920472 43.6536962 -79.3919809 43.6535294 -79.3919603 43.6534775 -79.3918905 43.6533018 -79.3919323 43.6532931 -79.3920523 43.653268 -79.3920452 43.6532509 -79.3920897 43.6532418 -79.3920967 43.653259 -79.3921485 43.6532482 -79.3923468 43.6532069 -79.39262 43.6531501))
483805,Daniels Spectrum Theatre,585  Dundas Street East,M5A 2B7,node,2898358868,43.6601096,-79.3619394,229563439,yes,enclosing_building,Q131621801,inside,dedicated,name+address,low,none,rare,none,rare,rare,mid,POLYGON((-79.3628039 43.6600159 -79.3622006 43.6601515 -79.3619077 43.6602173 -79.3618052 43.6599785 -79.361757 43.6599894 -79.3617392 43.6599479 -79.3617964 43.659935 -79.3617315 43.6597837 -79.3617208 43.6597538 -79.362608 43.6595545 -79.3626364 43.659634 -79.3627907 43.6599771 -79.3628039 43.6600159))
497312,The Aga Khan Museum,77 Wynford Drive,M3C 1K1,way,229680078,43.7253016,-79.3319921,229680078,museum,venue_way,Q132313434,inside,dedicated,address_only,mid,high,low,very_high,mid,mid,very_high,POLYGON((-79.33201 43.72575 -79.331417 43.725469 -79.3317999 43.7250467 -79.3319895 43.7248367 -79.3322216 43.7249462 -79.332342 43.725003 -79.332348 43.725029 -79.33243 43.725068 -79.332467 43.725062 -79.3325826 43.7251169 -79.3325668 43.7251342 -79.33201 43.72575))
498112,918 Bathurst,918 Bathurst Street,M5R 3G5,way,241163484,43.668571,-79.4129865,241163484,commercial,venue_way,Q128626299,inside,dedicated,name+address,high,high,low,very_high,mid,mid,very_high,POLYGON((-79.4131918 43.6686052 -79.4128169 43.6686888 -79.4127692 43.6685769 -79.4128225 43.6685651 -79.412809 43.6685334 -79.4128182 43.6685314 -79.4128071 43.6685055 -79.4130686 43.6684472 -79.4130733 43.6684582 -79.4131243 43.6684469 -79.4131918 43.6686052))
498143,The Tranzac,292 Brunswick Avenue,M5S 2M7,way,797151986,43.6652199,-79.4075339,797151986,commercial,venue_way,,inside,dedicated,address_only,mid,rare,mid,very_high,mid,mid,very_high,POLYGON((-79.4074584 43.6653259 -79.4074588 43.665328 -79.4073939 43.6653411 -79.4073279 43.665176 -79.4076746 43.665102 -79.40774 43.6652638 -79.4074584 43.6653259))
498217,Artscape Gibraltar Point,443 Lakeshore Avenue,M5J 2W2,way,43806404,43.6129396,-79.3840662,43806404,yes,venue_way,,inside,dedicated,name+address,low,low,low,low,rare,mid,high,POLYGON((-79.3837151 43.6129934 -79.3838247 43.612996 -79.3838197 43.6130739 -79.3839281 43.6130775 -79.3839429 43.6128177 -79.3840379 43.6128185 -79.3840359 43.6127927 -79.3838116 43.6127884 -79.3838108 43.612681 -79.3845637 43.6127054 -79.3845602 43.612787 -79.3845058 43.6127867 -79.3845048 43.6128031 -79.384488 43.6128035 -79.3844879 43.612833 -79.3842287 43.6128285 -79.3842304 43.6127961 -79.3841061 43.6127929 -79.3841068 43.6128172 -79.3841982 43.6128192 -79.3841947 43.6130615 -79.3842272 43.6130618 -79.3842286 43.613008 -79.3844936 43.613015 -79.3844903 43.6131873 -79.384463 43.6131868 -79.3843069 43.6131837 -79.3842279 43.6131821 -79.3842258 43.613132 -79.3842095 43.6131311 -79.3841902 43.61313 -79.3841895 43.6131821 -79.3840392 43.6131816 -79.3840371 43.6131877 -79.3840252 43.6131947 -79.3839763 43.6131942 -79.3839679 43.6131801 -79.3839377 43.6131797 -79.383938 43.6131567 -79.3838666 43.6131545 -79.3838652 43.6131907 -79.3838015 43.6131882 -79.3838025 43.6131793 -79.3836231 43.6131754 -79.3836265 43.6131839 -79.3834802 43.6131796 -79.3834824 43.6130722 -79.3836097 43.6130701 -79.3836126 43.6129909 -79.383626 43.6129912 -79.383628 43.6128873 -79.3837171 43.6128882 -79.3837151 43.6129934))
480549,The Great Hall,1087 Queen  Street West,M6J 1H3,way,539240455,43.643343,-79.4221005,539240455,yes,venue_way,,inside,dedicated,name+address,low,mid,none,very_high,low,none,very_high,POLYGON((-79.422236 43.6434251 -79.4220662 43.6434576 -79.4220531 43.6434601 -79.4220404 43.6434625 -79.4219669 43.6432609 -79.421914 43.6431159 -79.4221012 43.643077 -79.422236 43.6434251))
646115,Canadian Music Centre,20 St. Joseph Street,M4Y 1J9,way,103954356,43.6661287,-79.3864616,103954356,house,venue_way,Q2945374,inside,dedicated,name+address,none,none,none,high,rare,none,high,POLYGON((-79.3865371 43.6662253 -79.3864861 43.6662352 -79.3864433 43.666135 -79.3863858 43.6661462 -79.3863394 43.6660321 -79.3864186 43.6660157 -79.386425 43.6660328 -79.3864915 43.6660097 -79.3865061 43.6660196 -79.3865125 43.6660387 -79.3864979 43.6660447 -79.3865107 43.6660783 -79.3865298 43.6660743 -79.3865517 43.6661211 -79.3865417 43.6661224 -79.3865635 43.6661725 -79.3865207 43.6661811 -79.3865371 43.6662253))
565458,Trinity St. Paul's United Church,427 Bloor Street West,M5S 1X6,way,30454611,43.666059,-79.4057,30454611,church,venue_way,Q7842540,inside,likely_dedicated,name+address,low,rare,low,very_high,mid,none,very_high,POLYGON((-79.4060121 43.6660999 -79.406074 43.6660181 -79.4060183 43.6658725 -79.4059118 43.6658358 -79.405665 43.6658855 -79.4056737 43.6659073 -79.4056272 43.6659174 -79.4056201 43.6659099 -79.405454 43.6659475 -79.4054499 43.6659567 -79.4053234 43.6659852 -79.4054217 43.6662012 -79.4055609 43.6661737 -79.4055664 43.6661834 -79.4057201 43.6661507 -79.4057163 43.6661356 -79.4058118 43.6661148 -79.4058311 43.6661387 -79.4060121 43.6660999))
545792,The Garrison,1197 Dundas Street West,M6J 1X3,way,401126132,43.6491534,-79.4223361,401126132,yes,venue_way,,inside,dedicated,name+address,low,none,low,mid,none,rare,high,POLYGON((-79.4223991 43.6492804 -79.422414 43.64895 -79.4222767 43.6489468 -79.4222731 43.649029 -79.4222616 43.6492778 -79.4223991 43.6492804))
645270,Theatre Passe Muraille,16 Ryerson Avenue,M5T 2P3,way,548754393,43.6485882,-79.4026161,548754393,yes,venue_way,Q7777404,inside,dedicated,name+address,low,mid,low,mid,very_high,none,very_high,POLYGON((-79.402778 43.6486992 -79.4025568 43.6487438 -79.4024541 43.6484771 -79.4026754 43.6484325 -79.402778 43.6486992))
639450,The Theatre Centre,1115 Queen Street West,M6J 1J1,way,357017756,43.6430259,-79.423233,357017756,yes,venue_way,Q25110767,inside,dedicated,name+address,low,very_high,rare,rare,very_high,mid,very_high,POLYGON((-79.4233266 43.6428515 -79.4233807 43.6429816 -79.4233685 43.6429843 -79.4234371 43.6431496 -79.4232582 43.6431885 -79.4232472 43.6431622 -79.4231643 43.6431803 -79.42316 43.6431699 -79.4231476 43.6431726 -79.4231212 43.6431089 -79.4231327 43.6431064 -79.4231268 43.6430922 -79.4231176 43.6430942 -79.4231093 43.6430741 -79.4231217 43.6430714 -79.4231166 43.6430591 -79.4230958 43.6430636 -79.4230664 43.6429927 -79.4231034 43.6429847 -79.4230996 43.6429756 -79.4231412 43.6429666 -79.4231227 43.6429219 -79.4232166 43.6429015 -79.4232067 43.6428777 -79.4233266 43.6428515))
595563,Array Space,155 Walnut Avenue,M6J 3W3,way,401074470,43.6442604,-79.4098854,401074470,industrial,venue_way,,inside,dedicated,name+address,rare,low,none,very_high,low,none,very_high,POLYGON((-79.4097838 43.6442593 -79.4098244 43.6443192 -79.4099871 43.6442614 -79.4099464 43.6442015 -79.4097952 43.6442553 -79.4097838 43.6442593))
607407,The Bentway,250 Fort York  Blvd,M5V 3K9,way,13740577,43.6389921,-79.4034452,13740577,other,venue_way,Q204083,inside,unknown,address_only,mid,rare,none,low,mid,low,high,POLYGON((-79.4025304 43.6384698 -79.4018623 43.6388037 -79.4009713 43.63926 -79.4010791 43.6394809 -79.4010986 43.6395209 -79.4011889 43.6397349 -79.4013378 43.6400874 -79.4024836 43.6399439 -79.4031273 43.6398653 -79.4037205 43.6397728 -79.4042297 43.6396847 -79.4047017 43.6395819 -79.4050371 43.6395014 -79.4051671 43.6394702 -79.4056062 43.6393459 -79.4055099 43.6391804 -79.4050671 43.6384488 -79.4047937 43.6379758 -79.4034177 43.6381034 -79.4030451 43.6381973 -79.4025304 43.6384698))
711773,Meridian Hall,1 Front Street Street East,M5E 1B2,way,42334918,43.6466648,-79.3760653,42334918,yes,venue_way,Q2302468,inside,dedicated,name+address,none,mid,none,mid,low,none,high,POLYGON((-79.3763574 43.6469463 -79.3764677 43.6468889 -79.3764465 43.6468388 -79.3765336 43.6468278 -79.3763801 43.6464424 -79.3763337 43.6463395 -79.3761719 43.6463754 -79.3761694 43.6463684 -79.376164 43.6463538 -79.3761526 43.6463205 -79.3761245 43.6462453 -79.376106 43.6461962 -79.3756972 43.6462969 -79.3756999 43.6463126 -79.3755294 43.6463525 -79.3755929 43.6465019 -79.3757997 43.6469908 -79.3758758 43.6469633 -79.3759567 43.6471335 -79.3761009 43.6470649 -79.3763574 43.6469463))
609482,Nia Centre for the Arts,524 Oakwood  Avenue,M6E 2X1,node,2711767746,43.6919638,-79.4407485,661895510,retail,enclosing_building,,inside,likely_shared,address_only,mid,none,none,none,none,none,high,POLYGON((-79.440676 43.692035 -79.440673 43.691993 -79.440663 43.691996 -79.440651 43.691968 -79.440641 43.69197 -79.440614 43.691906 -79.440713 43.691884 -79.441001 43.691818 -79.441057 43.691949 -79.44105 43.691951 -79.440676 43.692035))
483541,Lula Lounge,1585 Dundas Street West,M6K 1T9,node,2558957600,43.6496267,-79.434558,232723273,yes,enclosing_building,,inside,likely_shared,name+address,mid,rare,none,very_high,rare,rare,very_high,POLYGON((-79.4346977 43.6497343 -79.4345837 43.6494472 -79.4343597 43.6494281 -79.4344135 43.6495824 -79.4344644 43.6497207 -79.4346977 43.6497343))
658652,Buddies in Bad Times,12 Alexander Street,M4Y 1B4,node,1029788621,43.6632092,-79.382994,114354961,retail,enclosing_building,Q4984293,inside,likely_shared,name+address,mid,mid,mid,mid,very_high,low,very_high,POLYGON((-79.3830414 43.6635574 -79.3832603 43.6635093 -79.3831858 43.663332 -79.3831499 43.6632433 -79.3831147 43.6631586 -79.3829384 43.6631956 -79.3828978 43.6632042 -79.3829416 43.6633119 -79.3829461 43.663323 -79.3830142 43.6634906 -79.3830414 43.6635574))
480583,Winchester Street Theatre,80 Winchester Street,M4X 1B2,node,804606263,43.6664174,-79.3670572,801395017,yes,enclosing_building,Q42989366,inside,likely_shared,address_only,none,very_high,none,none,rare,none,very_high,POLYGON((-79.3670016 43.666534 -79.3670226 43.6665296 -79.3670177 43.6665173 -79.3668853 43.6665453 -79.3668127 43.666364 -79.3669564 43.6663337 -79.3669539 43.6663272 -79.3671049 43.6662953 -79.3671059 43.6662978 -79.3671639 43.6662855 -79.3672337 43.6664599 -79.3671972 43.6664676 -79.3672079 43.6664943 -79.3672392 43.6664875 -79.3672668 43.6665564 -79.3670988 43.6665918 -79.3670955 43.6665833 -79.3670046 43.6666025 -79.3669972 43.6665839 -79.3670189 43.6665794 -79.3670016 43.666534))
640781,401 Richmond,401 Richmond Street West,M5V 1X3,relation,1457339,43.6478194,-79.3948263,,,,,,,name+address,high,mid,rare,rare,mid,very_high,very_high,
640217,DROM Taberna,458 Queen Street West,M5V 2A8,node,249295975,43.648206,-79.3995577,608005898,yes,enclosing_building,,inside,likely_shared,name+address,none,none,none,high,none,none,high,POLYGON((-79.3994055 43.6482154 -79.3995894 43.6481775 -79.3996725 43.6483821 -79.3994865 43.6484184 -79.3994055 43.6482154))
646337,Paradise Theatre,1006 Bloor Street West,M6H 1M2,way,239374879,43.6611371,-79.4306952,239374879,yes,venue_way,Q38371754,inside,likely_shared,name+address,rare,low,none,high,rare,high,very_high,POLYGON((-79.4306992 43.6613196 -79.4306517 43.661205 -79.4306173 43.6612125 -79.4305577 43.6610691 -79.4305919 43.6610617 -79.430572 43.6610137 -79.4305731 43.6610092 -79.4305799 43.6610033 -79.4306822 43.660981 -79.4307348 43.6609696 -79.430766 43.6610446 -79.4308652 43.6612835 -79.4306992 43.6613196))
480384,Berkeley Street Theatre,26 Berkeley Street,M5A 2W3,node,2819759117,43.650622,-79.3640549,132647583,yes,enclosing_building,Q113016181,inside,likely_shared,address_only,low,high,rare,low,very_high,none,very_high,POLYGON((-79.3644338 43.6505127 -79.3642047 43.6505635 -79.3641817 43.6505127 -79.3640424 43.650541 -79.3640804 43.6506343 -79.364215 43.6506052 -79.3642093 43.6505935 -79.3643313 43.650566 -79.364352 43.6506077 -79.3645224 43.6505669 -79.3645592 43.6506576 -79.363982 43.6507929 -79.3639062 43.6506038 -79.3638353 43.6504267 -79.3640574 43.6503634 -79.3641327 43.6503639 -79.3642082 43.6503644 -79.3642358 43.6504244 -79.364382 43.6503936 -79.3643992 43.6504261 -79.3644522 43.6504169 -79.3644729 43.6504652 -79.3644165 43.6504769 -79.3644338 43.6505127))
497282,St. Lawrence Centre - Jane Mallet Theatre,27 Front Street East,M5E 1B4,way,59259490,43.6473546,-79.375174,59259490,yes,venue_way,Q7589476,inside,likely_shared,address_only,low,mid,rare,very_high,high,none,very_high,POLYGON((-79.3754059 43.647043 -79.3753889 43.6470461 -79.3753944 43.6470618 -79.3754268 43.6470563 -79.3754319 43.6470695 -79.3754366 43.6470686 -79.3754621 43.647129 -79.375437 43.647133 -79.3754783 43.6471827 -79.375483 43.6471817 -79.3755906 43.6474397 -79.3749919 43.6477342 -79.3749803 43.6477037 -79.3749542 43.6477092 -79.3749156 43.6476214 -79.3747538 43.6472695 -79.3752202 43.6470508 -79.375247 43.6470765 -79.3753609 43.6470192 -79.375368 43.6470249 -79.3753975 43.6470172 -79.3754036 43.6470173 -79.3754093 43.6470188 -79.375414 43.6470215 -79.3754172 43.6470252 -79.3754186 43.6470295 -79.375418 43.6470339 -79.3754155 43.6470378 -79.3754113 43.647041 -79.3754059 43.647043))
658686,Tarragon Theatre,30 Bridgman Avenue,M5R 1X3,way,307653858,43.6749864,-79.4129407,307653858,theatre,venue_way,Q7686640,inside,dedicated,name+address,low,none,rare,none,very_high,none,very_high,POLYGON((-79.4132623 43.6751057 -79.4129138 43.675177 -79.4128918 43.6751208 -79.4128516 43.6751291 -79.4128047 43.6750094 -79.4128244 43.6750053 -79.4128144 43.6749796 -79.4127943 43.6749837 -79.4127481 43.6748656 -79.4130877 43.6747962 -79.413136 43.6749198 -79.4130455 43.6749383 -79.4130668 43.6749928 -79.413054 43.6749954 -79.413071 43.6750388 -79.4131767 43.6750171 -79.4131657 43.674989 -79.4132129 43.6749793 -79.4132623 43.6751057))
498185,Artscape Wychwood Barns,601 Christie Avenue,M6G 4C6,way,28533900,43.6800624,-79.4237774,28533900,industrial,venue_way,,inside,dedicated,name_only,high,none,mid,low,low,rare,very_high,POLYGON((-79.4241326 43.679678 -79.423506 43.6798082 -79.4235517 43.6799232 -79.4233468 43.6799658 -79.4234376 43.6801945 -79.4229801 43.6802895 -79.4229997 43.6803388 -79.4230079 43.6803594 -79.4230258 43.6804045 -79.4242079 43.6801591 -79.4240722 43.6798172 -79.4241791 43.679795 -79.4241326 43.679678))
480380,Artscape Youngplace,180 Shaw  Street,M6J 2W5,way,741145980,43.6469162,-79.417559,741145980,school,venue_way,,inside,dedicated,name+address,high,high,rare,rare,high,high,very_high,POLYGON((-79.4178613 43.6467555 -79.4176034 43.6468085 -79.4175229 43.6466035 -79.4172755 43.6466543 -79.4173578 43.6468643 -79.4173205 43.6468719 -79.417324 43.6468807 -79.4173063 43.6468844 -79.4173281 43.64694 -79.4173487 43.6469925 -79.4173661 43.6469889 -79.4173703 43.6469996 -79.4174083 43.6469918 -79.41749 43.6472001 -79.4177341 43.6471499 -79.4176541 43.646946 -79.417915 43.6468924 -79.4178613 43.6467555))
563908,Artscape Sandbox,301 Adelaide Street West,M5V 2E8,node,5127412170,43.6474244,-79.3912578,302352938,yes,enclosing_building,,inside,likely_shared,name+address,low,low,none,none,low,high,high,POLYGON((-79.3911986 43.6469909 -79.3907049 43.6470929 -79.3908927 43.6475693 -79.3909269 43.6475622 -79.3909453 43.6476088 -79.3911235 43.647572 -79.3911053 43.6475259 -79.3913866 43.6474678 -79.3913259 43.6473138 -79.3912764 43.6471881 -79.3911986 43.6469909))
566324,Koerner Hall,273 Bloor Street West,M5S 1W2,node,5101101760,43.6676514,-79.3961376,20251223,yes,enclosing_building,,inside,likely_shared,name_only,low,rare,none,very_high,mid,rare,very_high,POLYGON((-79.3958646 43.6681617 -79.396048 43.6681204 -79.3960468 43.6681127 -79.3960844 43.668103 -79.3960596 43.6680393 -79.3960917 43.6680479 -79.3961382 43.6680364 -79.3961569 43.6680145 -79.3961569 43.6680039 -79.3962365 43.6679868 -79.3962481 43.6680156 -79.396322 43.6679994 -79.3963121 43.6679717 -79.3965256 43.6679285 -79.3965514 43.6679236 -79.3965929 43.6680238 -79.3967747 43.6679829 -79.3967032 43.6678188 -79.3966317 43.6678316 -79.3966208 43.6678052 -79.3964832 43.6674702 -79.3963306 43.6675039 -79.396283 43.6675117 -79.396291 43.6675345 -79.3962508 43.6675369 -79.3960013 43.6675748 -79.395951 43.6675849 -79.3959433 43.667566 -79.3959517 43.6675636 -79.395937 43.6675309 -79.3957974 43.6675621 -79.3956544 43.6675953 -79.3957648 43.6678795 -79.3959758 43.667838 -79.395989 43.6678776 -79.3959617 43.667882 -79.3959458 43.6678986 -79.3959564 43.6679327 -79.3957895 43.6679683 -79.3958646 43.6681617))
602705,Harbourfront Centre,235 Queens Quay Quay West,M5J 2G8,way,146040703,43.6389026,-79.3828426,146040703,yes,venue_way,,inside,dedicated,name+address,high,very_high,high,very_high,high,high,very_high,POLYGON((-79.3827797 43.6392085 -79.3827277 43.6392196 -79.3827122 43.6391825 -79.3825281 43.638743 -79.3826399 43.6387161 -79.3826309 43.6386948 -79.3826218 43.6386734 -79.3825661 43.6386841 -79.3825433 43.6386278 -79.3825242 43.6386319 -79.3824597 43.6384722 -79.3828722 43.6383796 -79.3829921 43.6386671 -79.3831583 43.6390656 -79.3831801 43.6391179 -79.3834512 43.6390622 -79.3835165 43.639221 -79.3831902 43.6392921 -79.3831913 43.6392983 -79.3831882 43.6393044 -79.3831792 43.6393078 -79.3830009 43.6393349 -79.3828582 43.6393627 -79.3828431 43.6393595 -79.3828337 43.6393539 -79.3827797 43.6392085))
,Harbourfront The Power Plant,235 Queens Quay Quay West,M5J 2G8,way,35893777,43.6389026,-79.3828426,35893777,yes,,,,,,,,,,,,,
645607,Arts Etobicoke,4893a Dundas Street West,M9A 1B2,node,6172072005,43.6491192,-79.5281772,657721363,retail,enclosing_building,,inside,likely_shared,name+address,mid,rare,none,rare,none,none,mid,POLYGON((-79.52819 43.649152 -79.527872 43.648999 -79.527955 43.648909 -79.527997 43.648863 -79.528203 43.648962 -79.52825 43.648911 -79.528362 43.648964 -79.52819 43.649152))
497999,Lakeshore Arts,2422 Lakeshore Blvd West,M8V 1C4,node,3392770192,43.6145162,-79.4891245,1362364967,yes,enclosing_building,,inside,likely_shared,name+address,mid,low,rare,none,none,low,high,POLYGON((-79.4892908 43.6145832 -79.4890699 43.6145479 -79.4891007 43.6144936 -79.4891955 43.6145115 -79.4892022 43.6145218 -79.489306 43.6145383 -79.4892908 43.6145832))
584114,Urban Arts,5 Bartonville Avenue East,M6M 2B1,node,6342147284,43.6893965,-79.4948933,661294275,yes,enclosing_building,,inside,likely_shared,name+address,mid,rare,none,rare,low,rare,high,POLYGON((-79.494894 43.68945 -79.494546 43.68933 -79.494601 43.689247 -79.494948 43.689367 -79.494894 43.68945))
639321,East End Arts,450 Broadview Avenue,M4K 2N3,way,232953426,43.6676652,-79.3537625,232953426,yes,venue_way,,inside,likely_shared,address_only,mid,rare,none,low,rare,none,high,POLYGON((-79.3538392 43.6677526 -79.3536242 43.6677132 -79.3536323 43.6676932 -79.3536654 43.6675954 -79.353893 43.6676371 -79.3538611 43.6677285 -79.3538485 43.6677262 -79.3538392 43.6677526))
645523,Scarborough Arts,1859 Kingston Rd,M1N 1T3,way,31618769,43.802408,-79.2938,31618769,office,venue_way,,inside,likely_shared,name_only,mid,none,none,none,rare,low,high,POLYGON((-79.294171 43.802584 -79.294111 43.802561 -79.294087 43.802567 -79.293927 43.802508 -79.293887 43.802516 -79.293879 43.802528 -79.293831 43.802539 -79.293817 43.802507 -79.29382 43.802497 -79.293812 43.802482 -79.293756 43.802496 -79.293748 43.802509 -79.293669 43.802529 -79.29366 43.802541 -79.29358 43.80256 -79.29339 43.802491 -79.293369 43.802495 -79.293329 43.802482 -79.293305 43.802429 -79.293315 43.802415 -79.293374 43.802401 -79.293383 43.802388 -79.293478 43.802366 -79.293486 43.802352 -79.29358 43.802331 -79.293588 43.802317 -79.293684 43.802294 -79.293693 43.80228 -79.293807 43.802253 -79.293828 43.802261 -79.29389 43.802246 -79.293957 43.802271 -79.293991 43.80226 -79.294004 43.802241 -79.294064 43.802262 -79.294051 43.802281 -79.294065 43.80231 -79.294086 43.802318 -79.294094 43.802334 -79.294217 43.802379 -79.294226 43.802398 -79.294285 43.802418 -79.294319 43.802491 -79.29431 43.802504 -79.294323 43.802533 -79.294312 43.80255 -79.29425 43.802565 -79.294237 43.802583 -79.294212 43.802574 -79.294171 43.802584))
632792,Mabelle Park,49 Mabelle Avenue,M9A 5B1,way,31451780,43.6449525,-79.5286119,31451780,apartments,enclosing_building,,inside,likely_shared,name+address,mid,none,none,none,none,rare,mid,POLYGON((-79.528459 43.644719 -79.528487 43.644738 -79.528512 43.644718 -79.528634 43.644793 -79.528609 43.644813 -79.528698 43.644869 -79.528673 43.644891 -79.52873 43.644928 -79.528756 43.644906 -79.528817 43.644944 -79.528792 43.644966 -79.528847 43.645 -79.528859 43.644991 -79.528921 43.645028 -79.528842 43.645094 -79.528815 43.645075 -79.528795 43.645091 -79.528816 43.645105 -79.52874 43.645169 -79.528711 43.64515 -79.528686 43.645171 -79.528596 43.645115 -79.52857 43.645135 -79.52851 43.645097 -79.528534 43.645076 -79.5284981 43.6450542 -79.528473 43.645039 -79.528498 43.645018 -79.528406 43.644961 -79.528432 43.64494 -79.528348 43.644887 -79.5283463 43.6448884 -79.528336 43.644897 -79.528282 43.6448619 -79.528459 43.644719))
688908,MUSE Arts Creative Lab,1369B St Clair Avenue West,M6E 1C7,,,,,663313764,,,,,,not_found,low,none,none,none,none,none,mid,
,Casa de Bamba,949 St Clair Ave W,M6C 1C7,way,662763550,43.6793117,-79.4355334,662763550,retail,unknown,None,adjacent,,,,,,,,,,"POLYGON((-79.435707 43.679419,-79.435651 43.679287,-79.435645 43.679288,-79.435496 43.679321,-79.43551 43.679353,-79.435481 43.679359,-79.435528 43.67946,-79.435707 43.679419))"
483314,Albion Library,1515 Albion Road,M9V 1B4,way,109492576,43.7398714,-79.5848099,109492576,yes,venue_way,Q106216464,inside,likely_shared,name+address,low,mid,none,none,none,rare,high,POLYGON((-79.5850688 43.7402061 -79.5851357 43.7399762 -79.5852025 43.7397666 -79.5845207 43.7396631 -79.5843746 43.7400974 -79.5850688 43.7402061))
480394,Cedar Ridge Creative Centre,225 Confederation  Drive,M1G 1B2,way,660178393,43.7574318,-79.2070932,660178393,yes,venue_way,,inside,dedicated,name+address,high,none,none,low,rare,mid,very_high,POLYGON((-79.207092 43.757525 -79.207081 43.757484 -79.20698 43.757498 -79.206978 43.757492 -79.206942 43.757497 -79.206917 43.757404 -79.206954 43.757399 -79.206949 43.757378 -79.206954 43.757377 -79.206948 43.757356 -79.207017 43.757347 -79.207023 43.757369 -79.20707 43.757362 -79.207061 43.757328 -79.207223 43.757305 -79.207238 43.757365 -79.207244 43.757365 -79.2072695 43.7574595 -79.207177 43.757473 -79.207186 43.757504 -79.207176 43.757505 -79.207178 43.757513 -79.207092 43.757525))
